notice_id,title,org_name,notice_type,bid_method,due_date,announce_date,budget,demand_company,detail_url,raw_data,created_at
R26BK01321500,크로바·목련아파트 재건축정비사업 PM 및 도시계획 컨소시엄 협력업체 선정 입찰 공고,크로바·목련 아파트 재건축추진준비위원회,용역,전자입찰,,2026-02-06,,,https://nuri.g2b.go.kr/nn/nnb/nnbb/selectBidNoceDetl.do?pbancNo=R26BK01321500,"{""rowNum"": 1, ""totCnt"": 1063, ""bidPbancNo"": ""R26BK01321500"", ""bidPbancOrd"": ""000"", ""bidPbancNm"": ""크로바·목련아파트 재건축정비사업 PM 및 도시계획 컨소시엄 협력업체 선정 입찰 공고"", ""bidPbancNum"": ""R26BK01321500000"", ""edocNo"": ""2026-01"", ""usrDocNoVal"": ""2026-01"", ""pbancSttsCd"": ""공400001"", ""pbancSttsCdNm"": ""등록공고"", ""prcmBsneSeCd"": ""조070002"", ""bidMthdCd"": ""입180002"", ""bidMthdCdNm"": ""전자입찰"", ""scsbdMthdCd"": ""낙030001"", ""scsbdMthdCdNm"": ""적격심사제"", ""stdCtrtMthdCd"": ""계030001"", ""stdCtrtMthdCdNm"": ""일반경쟁"", ""pbancPstgDt"": ""2026/02/06 10:33"", ""pbancPstgYn"": ""Y"", ""pbancKndCd"": ""공440002"", ""pbancKndCdNm"": ""실공고"", ""pbancInstUntyGrpNo"": ""IN0000000014163"", ""grpNm"": ""크로바·목련 아파트 재건축추진준비위원회"", ""slprRcptDdlnDt"": ""2026/02/12 11:00"", ""pbancDscrTrgtYn"": ""N"", ""slprRcptBgngYn"": ""N"", ""slprRcptDdlnYn"": ""N"", ""onbsPrnmntYn"": ""N"", ""bidQlfcEndYn"": ""N"", ""pbancBfssYn"": ""N"", ""bidClsfNo"": ""0"", ""bidPrgrsOrd"": ""000"", ""bidPbancPgstCd"": ""입160003"", ""sfbrSlctnOrd"": null, ""sfbrSlctnRsltCd"": null, ""docSbmsnDdlnDt"": null, ""cvlnQlemCrtrNo"": ""202412260183"", ""cvlnQlemPgstCd"": ""민020000"", ""objtdmdTermDt"": null, ""prcmBsneSeCdNm"": ""용역"", ""bidPbancPgstCdNm"": null, ""pbancSttsGridCdNm"": ""입찰개시"", ""currentPage"": 1, ""recordCountPerPage"": 10, ""nextRowYn"": ""Y"", ""detail"": {""result"": {""noceList"": []}, ""ErrorMsg"": ""정상적으로 조회되었습니다."", ""ErrorCode"": 0}}",2026-02-06 01:47:06
R26BK01319937,도시계획 업체 선정 - 특별정비계획 변경,시범우성 재건축 추진준비위원회,용역,전자입찰,,2026-02-06,,,https://nuri.g2b.go.kr/nn/nnb/nnbb/selectBidNoceDetl.do?pbancNo=R26BK01319937,"{""rowNum"": 2, ""totCnt"": 1063, ""bidPbancNo"": ""R26BK01319937"", ""bidPbancOrd"": ""000"", ""bidPbancNm"": ""도시계획 업체 선정 - 특별정비계획 변경"", ""bidPbancNum"": ""R26BK01319937000"", ""edocNo"": ""분당 THE시범 주민대표단 공고 제2006-1호"", ""usrDocNoVal"": ""분당 THE시범 주민대표단 공고 제2006-1호"", ""pbancSttsCd"": ""공400001"", ""pbancSttsCdNm"": ""등록공고"", ""prcmBsneSeCd"": ""조070002"", ""bidMthdCd"": ""입180002"", ""bidMthdCdNm"": ""전자입찰"", ""scsbdMthdCd"": ""낙030001"", ""scsbdMthdCdNm"": ""적격심사제"", ""stdCtrtMthdCd"": ""계030001"", ""stdCtrtMthdCdNm"": ""일반경쟁"", ""pbancPstgDt"": ""2026/02/06 10:30"", ""pbancPstgYn"": ""Y"", ""pbancKndCd"": ""공440002"", ""pbancKndCdNm"": ""실공고"", ""pbancInstUntyGrpNo"": ""IN0000000014103"", ""grpNm"": ""시범우성 재건축 추진준비위원회"", ""slprRcptDdlnDt"": ""2026/02/13 16:00"", ""pbancDscrTrgtYn"": ""N"", ""slprRcptBgngYn"": ""N"", ""slprRcptDdlnYn"": ""N"", ""onbsPrnmntYn"": ""N"", ""bidQlfcEndYn"": ""N"", ""pbancBfssYn"": ""N"", ""bidClsfNo"": ""0"", ""bidPrgrsOrd"": ""000"", ""bidPbancPgstCd"": ""입160003"", ""sfbrSlctnOrd"": null, ""sfbrSlctnRsltCd"": null, ""docSbmsnDdlnDt"": null, ""cvlnQlemCrtrNo"": ""202412261306"", ""cvlnQlemPgstCd"": ""민020000"", ""objtdmdTermDt"": null, ""prcmBsneSeCdNm"": ""용역"", ""bidPbancPgstCdNm"": null, ""pbancSttsGridCdNm"": ""입찰개시"", ""currentPage"": 1, ""recordCountPerPage"": 10, ""nextRowYn"": ""Y"", ""detail"": {""result"": {""noceList"": []}, ""ErrorMsg"": ""정상적으로 조회되었습니다."", ""ErrorCode"": 0}}",2026-02-06 01:47:07
R26BK01321444,유해위험기계기구 자율안전검사 용역업체 선정,한국항공우주산업주식회사,용역,직찰,,2026-02-06,,,https://nuri.g2b.go.kr/nn/nnb/nnbb/selectBidNoceDetl.do?pbancNo=R26BK01321444,"{""rowNum"": 3, ""totCnt"": 1063, ""bidPbancNo"": ""R26BK01321444"", ""bidPbancOrd"": ""000"", ""bidPbancNm"": ""유해위험기계기구 자율안전검사 용역업체 선정"", ""bidPbancNum"": ""R26BK01321444000"", ""edocNo"": ""K-260206-0001"", ""usrDocNoVal"": ""K-260206-0001"", ""pbancSttsCd"": ""공400001"", ""pbancSttsCdNm"": ""등록공고"", ""prcmBsneSeCd"": ""조070002"", ""bidMthdCd"": ""입180001"", ""bidMthdCdNm"": ""직찰"", ""scsbdMthdCd"": ""낙030021"", ""scsbdMthdCdNm"": ""최저가낙찰제"", ""stdCtrtMthdCd"": ""계030003"", ""stdCtrtMthdCdNm"": ""제한경쟁"", ""pbancPstgDt"": ""2026/02/06 10:20"", ""pbancPstgYn"": ""Y"", ""pbancKndCd"": ""공440002"", ""pbancKndCdNm"": ""실공고"", ""pbancInstUntyGrpNo"": ""IN0100000086382"", ""grpNm"": ""한국항공우주산업주식회사"", ""slprRcptDdlnDt"": null, ""pbancDscrTrgtYn"": ""N"", ""slprRcptBgngYn"": ""Y"", ""slprRcptDdlnYn"": ""Y"", ""onbsPrnmntYn"": ""N"", ""bidQlfcEndYn"": ""N"", ""pbancBfssYn"": ""N"", ""bidClsfNo"": ""0"", ""bidPrgrsOrd"": ""000"", ""bidPbancPgstCd"": ""입160003"", ""sfbrSlctnOrd"": null, ""sfbrSlctnRsltCd"": null, ""docSbmsnDdlnDt"": null, ""cvlnQlemCrtrNo"": null, ""cvlnQlemPgstCd"": null, ""objtdmdTermDt"": null, ""prcmBsneSeCdNm"": ""용역"", ""bidPbancPgstCdNm"": null, ""pbancSttsGridCdNm"": ""입찰개시"", ""currentPage"": 1, ""recordCountPerPage"": 10, ""nextRowYn"": ""Y"", ""detail"": {""result"": {""noceList"": []}, ""ErrorMsg"": ""정상적으로 조회되었습니다."", ""ErrorCode"": 0}}",2026-02-06 01:47:07
R26BK01313455,"슬러지자원화 2,3단계시설 여과집진시설 필터백 구매‧교체",그린에너지개발주식회사,물품,전자입찰,,2026-02-06,,,https://nuri.g2b.go.kr/nn/nnb/nnbb/selectBidNoceDetl.do?pbancNo=R26BK01313455,"{""rowNum"": 4, ""totCnt"": 1063, ""bidPbancNo"": ""R26BK01313455"", ""bidPbancOrd"": ""001"", ""bidPbancNm"": ""슬러지자원화 2,3단계시설 여과집진시설 필터백 구매‧교체"", ""bidPbancNum"": ""R26BK01313455001"", ""edocNo"": ""그린 제2026-02호"", ""usrDocNoVal"": ""그린 제2026-02호"", ""pbancSttsCd"": ""공400002"", ""pbancSttsCdNm"": ""변경공고"", ""prcmBsneSeCd"": ""조070001"", ""bidMthdCd"": ""입180002"", ""bidMthdCdNm"": ""전자입찰"", ""scsbdMthdCd"": ""낙030021"", ""scsbdMthdCdNm"": ""최저가낙찰제"", ""stdCtrtMthdCd"": ""계030003"", ""stdCtrtMthdCdNm"": ""제한경쟁"", ""pbancPstgDt"": ""2026/02/06 09:44"", ""pbancPstgYn"": ""Y"", ""pbancKndCd"": ""공440002"", ""pbancKndCdNm"": ""실공고"", ""pbancInstUntyGrpNo"": ""IN0100000096513"", ""grpNm"": ""그린에너지개발주식회사"", ""slprRcptDdlnDt"": ""2026/02/10 10:00"", ""pbancDscrTrgtYn"": ""N"", ""slprRcptBgngYn"": ""Y"", ""slprRcptDdlnYn"": ""N"", ""onbsPrnmntYn"": ""N"", ""bidQlfcEndYn"": ""N"", ""pbancBfssYn"": ""N"", ""bidClsfNo"": ""1"", ""bidPrgrsOrd"": ""000"", ""bidPbancPgstCd"": ""입160003"", ""sfbrSlctnOrd"": null, ""sfbrSlctnRsltCd"": null, ""docSbmsnDdlnDt"": null, ""cvlnQlemCrtrNo"": null, ""cvlnQlemPgstCd"": null, ""objtdmdTermDt"": null, ""prcmBsneSeCdNm"": ""물품"", ""bidPbancPgstCdNm"": null, ""pbancSttsGridCdNm"": ""입찰개시"", ""currentPage"": 1, ""recordCountPerPage"": 10, ""nextRowYn"": ""Y"", ""detail"": {""result"": {""noceList"": []}, ""ErrorMsg"": ""정상적으로 조회되었습니다."", ""ErrorCode"": 0}}",2026-02-06 01:47:08
R26BK01321226,강동헤리티지자이 근린생활시설_지층 일괄매각_ 분양공고,길동신동아1차2차아파트주택재건축정비사업조합,물품,전자입찰,,2026-02-06,,,https://nuri.g2b.go.kr/nn/nnb/nnbb/selectBidNoceDetl.do?pbancNo=R26BK01321226,"{""rowNum"": 5, ""totCnt"": 1063, ""bidPbancNo"": ""R26BK01321226"", ""bidPbancOrd"": ""000"", ""bidPbancNm"": ""강동헤리티지자이 근린생활시설_지층 일괄매각_ 분양공고"", ""bidPbancNum"": ""R26BK01321226000"", ""edocNo"": ""길신제건축 제2026-4"", ""usrDocNoVal"": ""길신제건축 제2026-4"", ""pbancSttsCd"": ""공400001"", ""pbancSttsCdNm"": ""등록공고"", ""prcmBsneSeCd"": ""조070001"", ""bidMthdCd"": ""입180002"", ""bidMthdCdNm"": ""전자입찰"", ""scsbdMthdCd"": ""낙030027"", ""scsbdMthdCdNm"": ""최고가"", ""stdCtrtMthdCd"": ""계030001"", ""stdCtrtMthdCdNm"": ""일반경쟁"", ""pbancPstgDt"": ""2026/02/06 09:37"", ""pbancPstgYn"": ""Y"", ""pbancKndCd"": ""공440002"", ""pbancKndCdNm"": ""실공고"", ""pbancInstUntyGrpNo"": ""IN0100000088658"", ""grpNm"": ""길동신동아1차2차아파트주택재건축정비사업조합"", ""slprRcptDdlnDt"": ""2026/03/04 14:00"", ""pbancDscrTrgtYn"": ""Y"", ""slprRcptBgngYn"": ""N"", ""slprRcptDdlnYn"": ""N"", ""onbsPrnmntYn"": ""N"", ""bidQlfcEndYn"": ""N"", ""pbancBfssYn"": ""N"", ""bidClsfNo"": ""1"", ""bidPrgrsOrd"": ""000"", ""bidPbancPgstCd"": ""입160003"", ""sfbrSlctnOrd"": null, ""sfbrSlctnRsltCd"": null, ""docSbmsnDdlnDt"": null, ""cvlnQlemCrtrNo"": null, ""cvlnQlemPgstCd"": null, ""objtdmdTermDt"": null, ""prcmBsneSeCdNm"": ""물품"", ""bidPbancPgstCdNm"": null, ""pbancSttsGridCdNm"": ""입찰개시"", ""currentPage"": 1, ""recordCountPerPage"": 10, ""nextRowYn"": ""Y"", ""detail"": {""result"": {""noceList"": []}, ""ErrorMsg"": ""정상적으로 조회되었습니다."", ""ErrorCode"": 0}}",2026-02-06 01:47:08
R26BK01321182,강동헤리티지자이 근린생활시설_지상_ 분양공고,길동신동아1차2차아파트주택재건축정비사업조합,물품,전자입찰,,2026-02-06,,,https://nuri.g2b.go.kr/nn/nnb/nnbb/selectBidNoceDetl.do?pbancNo=R26BK01321182,"{""rowNum"": 6, ""totCnt"": 1063, ""bidPbancNo"": ""R26BK01321182"", ""bidPbancOrd"": ""000"", ""bidPbancNm"": ""강동헤리티지자이 근린생활시설_지상_ 분양공고"", ""bidPbancNum"": ""R26BK01321182000"", ""edocNo"": ""길신제건축 제2026-3"", ""usrDocNoVal"": ""길신제건축 제2026-3"", ""pbancSttsCd"": ""공400001"", ""pbancSttsCdNm"": ""등록공고"", ""prcmBsneSeCd"": ""조070001"", ""bidMthdCd"": ""입180002"", ""bidMthdCdNm"": ""전자입찰"", ""scsbdMthdCd"": ""낙030027"", ""scsbdMthdCdNm"": ""최고가"", ""stdCtrtMthdCd"": ""계030001"", ""stdCtrtMthdCdNm"": ""일반경쟁"", ""pbancPstgDt"": ""2026/02/06 09:26"", ""pbancPstgYn"": ""Y"", ""pbancKndCd"": ""공440002"", ""pbancKndCdNm"": ""실공고"", ""pbancInstUntyGrpNo"": ""IN0100000088658"", ""grpNm"": ""길동신동아1차2차아파트주택재건축정비사업조합"", ""slprRcptDdlnDt"": ""2026/03/04 14:00"", ""pbancDscrTrgtYn"": ""Y"", ""slprRcptBgngYn"": ""N"", ""slprRcptDdlnYn"": ""N"", ""onbsPrnmntYn"": ""N"", ""bidQlfcEndYn"": ""N"", ""pbancBfssYn"": ""N"", ""bidClsfNo"": ""1"", ""bidPrgrsOrd"": ""000"", ""bidPbancPgstCd"": ""입160003"", ""sfbrSlctnOrd"": null, ""sfbrSlctnRsltCd"": null, ""docSbmsnDdlnDt"": null, ""cvlnQlemCrtrNo"": null, ""cvlnQlemPgstCd"": null, ""objtdmdTermDt"": null, ""prcmBsneSeCdNm"": ""물품"", ""bidPbancPgstCdNm"": null, ""pbancSttsGridCdNm"": ""입찰개시"", ""currentPage"": 1, ""recordCountPerPage"": 10, ""nextRowYn"": ""Y"", ""detail"": {""result"": {""noceList"": []}, ""ErrorMsg"": ""정상적으로 조회되었습니다."", ""ErrorCode"": 0}}",2026-02-06 01:47:09
T26BK01320784,20260205_운영 확인 테스트,조달청비아파트2,공사,전자입찰,,2026-02-05,,,https://nuri.g2b.go.kr/nn/nnb/nnbb/selectBidNoceDetl.do?pbancNo=T26BK01320784,"{""rowNum"": 7, ""totCnt"": 1063, ""bidPbancNo"": ""T26BK01320784"", ""bidPbancOrd"": ""001"", ""bidPbancNm"": ""20260205_운영 확인 테스트"", ""bidPbancNum"": ""T26BK01320784001"", ""edocNo"": ""20260205_운영 확인 테스트"", ""usrDocNoVal"": ""20260205_운영 확인 테스트"", ""pbancSttsCd"": ""공400002"", ""pbancSttsCdNm"": ""변경공고"", ""prcmBsneSeCd"": ""조070004"", ""bidMthdCd"": ""입180002"", ""bidMthdCdNm"": ""전자입찰"", ""scsbdMthdCd"": ""낙030021"", ""scsbdMthdCdNm"": ""최저가낙찰제"", ""stdCtrtMthdCd"": ""계030002"", ""stdCtrtMthdCdNm"": ""지명경쟁"", ""pbancPstgDt"": ""2026/02/05 19:32"", ""pbancPstgYn"": ""Y"", ""pbancKndCd"": ""공440001"", ""pbancKndCdNm"": ""모의공고"", ""pbancInstUntyGrpNo"": ""IN0100000091238"", ""grpNm"": ""조달청비아파트2"", ""slprRcptDdlnDt"": ""2026/02/05 19:50"", ""pbancDscrTrgtYn"": ""N"", ""slprRcptBgngYn"": ""Y"", ""slprRcptDdlnYn"": ""Y"", ""onbsPrnmntYn"": ""Y"", ""bidQlfcEndYn"": ""Y"", ""pbancBfssYn"": ""N"", ""bidClsfNo"": ""0"", ""bidPrgrsOrd"": ""000"", ""bidPbancPgstCd"": ""입160003"", ""sfbrSlctnOrd"": null, ""sfbrSlctnRsltCd"": null, ""docSbmsnDdlnDt"": null, ""cvlnQlemCrtrNo"": null, ""cvlnQlemPgstCd"": null, ""objtdmdTermDt"": null, ""prcmBsneSeCdNm"": ""공사"", ""bidPbancPgstCdNm"": null, ""pbancSttsGridCdNm"": ""입찰개시"", ""currentPage"": 1, ""recordCountPerPage"": 10, ""nextRowYn"": ""Y"", ""detail"": {""result"": {""noceList"": []}, ""ErrorMsg"": ""정상적으로 조회되었습니다."", ""ErrorCode"": 0}}",2026-02-06 01:47:09
R26BK01320434,주월동 389-5번지 일원 정비사업전문관리업자 선정 재입찰 공고,주월동389의5번지 일원 가로주택정비사업조합,용역,전자입찰,,2026-02-05,,,https://nuri.g2b.go.kr/nn/nnb/nnbb/selectBidNoceDetl.do?pbancNo=R26BK01320434,"{""rowNum"": 8, ""totCnt"": 1063, ""bidPbancNo"": ""R26BK01320434"", ""bidPbancOrd"": ""000"", ""bidPbancNm"": ""주월동 389-5번지 일원 정비사업전문관리업자 선정 재입찰 공고"", ""bidPbancNum"": ""R26BK01320434000"", ""edocNo"": ""주월동 389-5번지 일원 가로주택정비사업조합 공고 제2026-02호"", ""usrDocNoVal"": ""주월동 389-5번지 일원 가로주택정비사업조합 공고 제2026-02호"", ""pbancSttsCd"": ""공400001"", ""pbancSttsCdNm"": ""등록공고"", ""prcmBsneSeCd"": ""조070002"", ""bidMthdCd"": ""입180002"", ""bidMthdCdNm"": ""전자입찰"", ""scsbdMthdCd"": ""낙030001"", ""scsbdMthdCdNm"": ""적격심사제"", ""stdCtrtMthdCd"": ""계030001"", ""stdCtrtMthdCdNm"": ""일반경쟁"", ""pbancPstgDt"": ""2026/02/05 17:46"", ""pbancPstgYn"": ""Y"", ""pbancKndCd"": ""공440002"", ""pbancKndCdNm"": ""실공고"", ""pbancInstUntyGrpNo"": ""IN0100000125073"", ""grpNm"": ""주월동389의5번지 일원 가로주택정비사업조합"", ""slprRcptDdlnDt"": ""2026/02/12 14:00"", ""pbancDscrTrgtYn"": ""N"", ""slprRcptBgngYn"": ""Y"", ""slprRcptDdlnYn"": ""N"", ""onbsPrnmntYn"": ""N"", ""bidQlfcEndYn"": ""N"", ""pbancBfssYn"": ""N"", ""bidClsfNo"": ""0"", ""bidPrgrsOrd"": ""000"", ""bidPbancPgstCd"": ""입160003"", ""sfbrSlctnOrd"": null, ""sfbrSlctnRsltCd"": null, ""docSbmsnDdlnDt"": null, ""cvlnQlemCrtrNo"": ""202412260183"", ""cvlnQlemPgstCd"": ""민020000"", ""objtdmdTermDt"": null, ""prcmBsneSeCdNm"": ""용역"", ""bidPbancPgstCdNm"": null, ""pbancSttsGridCdNm"": ""입찰개시"", ""currentPage"": 1, ""recordCountPerPage"": 10, ""nextRowYn"": ""Y"", ""detail"": {""result"": {""noceList"": []}, ""ErrorMsg"": ""정상적으로 조회되었습니다."", ""ErrorCode"": 0}}",2026-02-06 01:47:10
R26BK01320582,빈용기 반환수집소 운영 및 관리_전주시,자원순환보증금관리센터,용역,직찰,,2026-02-05,,,https://nuri.g2b.go.kr/nn/nnb/nnbb/selectBidNoceDetl.do?pbancNo=R26BK01320582,"{""rowNum"": 9, ""totCnt"": 1063, ""bidPbancNo"": ""R26BK01320582"", ""bidPbancOrd"": ""000"", ""bidPbancNm"": ""빈용기 반환수집소 운영 및 관리_전주시"", ""bidPbancNum"": ""R26BK01320582000"", ""edocNo"": ""경영팀-811"", ""usrDocNoVal"": ""경영팀-811"", ""pbancSttsCd"": ""공400001"", ""pbancSttsCdNm"": ""등록공고"", ""prcmBsneSeCd"": ""조070002"", ""bidMthdCd"": ""입180001"", ""bidMthdCdNm"": ""직찰"", ""scsbdMthdCd"": ""낙030028"", ""scsbdMthdCdNm"": ""제안서평가에의한낙찰자결정"", ""stdCtrtMthdCd"": ""계030001"", ""stdCtrtMthdCdNm"": ""일반경쟁"", ""pbancPstgDt"": ""2026/02/05 17:45"", ""pbancPstgYn"": ""Y"", ""pbancKndCd"": ""공440002"", ""pbancKndCdNm"": ""실공고"", ""pbancInstUntyGrpNo"": ""IN0100000107296"", ""grpNm"": ""자원순환보증금관리센터"", ""slprRcptDdlnDt"": null, ""pbancDscrTrgtYn"": ""N"", ""slprRcptBgngYn"": ""Y"", ""slprRcptDdlnYn"": ""Y"", ""onbsPrnmntYn"": ""N"", ""bidQlfcEndYn"": ""N"", ""pbancBfssYn"": ""N"", ""bidClsfNo"": ""0"", ""bidPrgrsOrd"": ""000"", ""bidPbancPgstCd"": ""입160003"", ""sfbrSlctnOrd"": null, ""sfbrSlctnRsltCd"": null, ""docSbmsnDdlnDt"": null, ""cvlnQlemCrtrNo"": null, ""cvlnQlemPgstCd"": null, ""objtdmdTermDt"": null, ""prcmBsneSeCdNm"": ""용역"", ""bidPbancPgstCdNm"": null, ""pbancSttsGridCdNm"": ""입찰개시"", ""currentPage"": 1, ""recordCountPerPage"": 10, ""nextRowYn"": ""Y"", ""detail"": {""result"": {""noceList"": []}, ""ErrorMsg"": ""정상적으로 조회되었습니다."", ""ErrorCode"": 0}}",2026-02-06 01:47:10
R26BK01320275,감만1구역 재개발정비사업조합 정비기반시설 토목/조경 설계 업체 선정을 위한 입찰공고,감만1구역주택재개발정비사업조합,용역,전자입찰,,2026-02-05,,,https://nuri.g2b.go.kr/nn/nnb/nnbb/selectBidNoceDetl.do?pbancNo=R26BK01320275,"{""rowNum"": 10, ""totCnt"": 1063, ""bidPbancNo"": ""R26BK01320275"", ""bidPbancOrd"": ""000"", ""bidPbancNm"": ""감만1구역 재개발정비사업조합 정비기반시설 토목/조경 설계 업체 선정을 위한 입찰공고"", ""bidPbancNum"": ""R26BK01320275000"", ""edocNo"": ""감만1 재개발사업 조합 공고 제2026-5호"", ""usrDocNoVal"": ""감만1 재개발사업 조합 공고 제2026-5호"", ""pbancSttsCd"": ""공400001"", ""pbancSttsCdNm"": ""등록공고"", ""prcmBsneSeCd"": ""조070002"", ""bidMthdCd"": ""입180002"", ""bidMthdCdNm"": ""전자입찰"", ""scsbdMthdCd"": ""낙030001"", ""scsbdMthdCdNm"": ""적격심사제"", ""stdCtrtMthdCd"": ""계030001"", ""stdCtrtMthdCdNm"": ""일반경쟁"", ""pbancPstgDt"": ""2026/02/05 16:41"", ""pbancPstgYn"": ""Y"", ""pbancKndCd"": ""공440002"", ""pbancKndCdNm"": ""실공고"", ""pbancInstUntyGrpNo"": ""IN0100000103452"", ""grpNm"": ""감만1구역주택재개발정비사업조합"", ""slprRcptDdlnDt"": ""2026/02/23 15:00"", ""pbancDscrTrgtYn"": ""Y"", ""slprRcptBgngYn"": ""N"", ""slprRcptDdlnYn"": ""N"", ""onbsPrnmntYn"": ""N"", ""bidQlfcEndYn"": ""N"", ""pbancBfssYn"": ""N"", ""bidClsfNo"": ""0"", ""bidPrgrsOrd"": ""000"", ""bidPbancPgstCd"": ""입160003"", ""sfbrSlctnOrd"": null, ""sfbrSlctnRsltCd"": null, ""docSbmsnDdlnDt"": null, ""cvlnQlemCrtrNo"": ""202412260183"", ""cvlnQlemPgstCd"": ""민020000"", ""objtdmdTermDt"": null, ""prcmBsneSeCdNm"": ""용역"", ""bidPbancPgstCdNm"": null, ""pbancSttsGridCdNm"": ""입찰개시"", ""currentPage"": 1, ""recordCountPerPage"": 10, ""nextRowYn"": ""Y"", ""detail"": {""result"": {""noceList"": []}, ""ErrorMsg"": ""정상적으로 조회되었습니다."", ""ErrorCode"": 0}}",2026-02-06 01:47:11
R26BK01320256,"감만1구역 재개발정비사업조합 소방, 전기설계 용역업체 선정을 위한 입찰공고",감만1구역주택재개발정비사업조합,용역,전자입찰,,2026-02-05,,,https://nuri.g2b.go.kr/nn/nnb/nnbb/selectBidNoceDetl.do?pbancNo=R26BK01320256,"{""rowNum"": 11, ""totCnt"": 1063, ""bidPbancNo"": ""R26BK01320256"", ""bidPbancOrd"": ""000"", ""bidPbancNm"": ""감만1구역 재개발정비사업조합 소방, 전기설계 용역업체 선정을 위한 입찰공고"", ""bidPbancNum"": ""R26BK01320256000"", ""edocNo"": ""감만1 재개발사업 조합 공고 제2026-4호"", ""usrDocNoVal"": ""감만1 재개발사업 조합 공고 제2026-4호"", ""pbancSttsCd"": ""공400001"", ""pbancSttsCdNm"": ""등록공고"", ""prcmBsneSeCd"": ""조070002"", ""bidMthdCd"": ""입180002"", ""bidMthdCdNm"": ""전자입찰"", ""scsbdMthdCd"": ""낙030001"", ""scsbdMthdCdNm"": ""적격심사제"", ""stdCtrtMthdCd"": ""계030001"", ""stdCtrtMthdCdNm"": ""일반경쟁"", ""pbancPstgDt"": ""2026/02/05 16:38"", ""pbancPstgYn"": ""Y"", ""pbancKndCd"": ""공440002"", ""pbancKndCdNm"": ""실공고"", ""pbancInstUntyGrpNo"": ""IN0100000103452"", ""grpNm"": ""감만1구역주택재개발정비사업조합"", ""slprRcptDdlnDt"": ""2026/02/23 15:00"", ""pbancDscrTrgtYn"": ""Y"", ""slprRcptBgngYn"": ""N"", ""slprRcptDdlnYn"": ""N"", ""onbsPrnmntYn"": ""N"", ""bidQlfcEndYn"": ""N"", ""pbancBfssYn"": ""N"", ""bidClsfNo"": ""0"", ""bidPrgrsOrd"": ""000"", ""bidPbancPgstCd"": ""입160003"", ""sfbrSlctnOrd"": null, ""sfbrSlctnRsltCd"": null, ""docSbmsnDdlnDt"": null, ""cvlnQlemCrtrNo"": ""202412260183"", ""cvlnQlemPgstCd"": ""민020000"", ""objtdmdTermDt"": null, ""prcmBsneSeCdNm"": ""용역"", ""bidPbancPgstCdNm"": null, ""pbancSttsGridCdNm"": ""입찰개시"", ""currentPage"": 2, ""recordCountPerPage"": 10, ""nextRowYn"": ""Y"", ""detail"": {""result"": {""noceList"": []}, ""ErrorMsg"": ""정상적으로 조회되었습니다."", ""ErrorCode"": 0}}",2026-02-06 01:47:13
R26BK01320233,감만1구역 재개발정비사업조합 성능기반내진설계 용역업체 선정을 위한 입찰공고,감만1구역주택재개발정비사업조합,용역,전자입찰,,2026-02-05,,,https://nuri.g2b.go.kr/nn/nnb/nnbb/selectBidNoceDetl.do?pbancNo=R26BK01320233,"{""rowNum"": 12, ""totCnt"": 1063, ""bidPbancNo"": ""R26BK01320233"", ""bidPbancOrd"": ""000"", ""bidPbancNm"": ""감만1구역 재개발정비사업조합 성능기반내진설계 용역업체 선정을 위한 입찰공고"", ""bidPbancNum"": ""R26BK01320233000"", ""edocNo"": ""감만1 재개발사업 조합 공고 제2026-3호"", ""usrDocNoVal"": ""감만1 재개발사업 조합 공고 제2026-3호"", ""pbancSttsCd"": ""공400001"", ""pbancSttsCdNm"": ""등록공고"", ""prcmBsneSeCd"": ""조070002"", ""bidMthdCd"": ""입180002"", ""bidMthdCdNm"": ""전자입찰"", ""scsbdMthdCd"": ""낙030001"", ""scsbdMthdCdNm"": ""적격심사제"", ""stdCtrtMthdCd"": ""계030001"", ""stdCtrtMthdCdNm"": ""일반경쟁"", ""pbancPstgDt"": ""2026/02/05 16:34"", ""pbancPstgYn"": ""Y"", ""pbancKndCd"": ""공440002"", ""pbancKndCdNm"": ""실공고"", ""pbancInstUntyGrpNo"": ""IN0100000103452"", ""grpNm"": ""감만1구역주택재개발정비사업조합"", ""slprRcptDdlnDt"": ""2026/02/23 15:00"", ""pbancDscrTrgtYn"": ""Y"", ""slprRcptBgngYn"": ""N"", ""slprRcptDdlnYn"": ""N"", ""onbsPrnmntYn"": ""N"", ""bidQlfcEndYn"": ""N"", ""pbancBfssYn"": ""N"", ""bidClsfNo"": ""0"", ""bidPrgrsOrd"": ""000"", ""bidPbancPgstCd"": ""입160003"", ""sfbrSlctnOrd"": null, ""sfbrSlctnRsltCd"": null, ""docSbmsnDdlnDt"": null, ""cvlnQlemCrtrNo"": ""202412260183"", ""cvlnQlemPgstCd"": ""민020000"", ""objtdmdTermDt"": null, ""prcmBsneSeCdNm"": ""용역"", ""bidPbancPgstCdNm"": null, ""pbancSttsGridCdNm"": ""입찰개시"", ""currentPage"": 2, ""recordCountPerPage"": 10, ""nextRowYn"": ""Y"", ""detail"": {""result"": {""noceList"": []}, ""ErrorMsg"": ""정상적으로 조회되었습니다."", ""ErrorCode"": 0}}",2026-02-06 01:47:13
R26BK01320196,감만1구역 재개발정비사업조합 도시계획 용역업체 선정을 위한 입찰공고,감만1구역주택재개발정비사업조합,용역,전자입찰,,2026-02-05,,,https://nuri.g2b.go.kr/nn/nnb/nnbb/selectBidNoceDetl.do?pbancNo=R26BK01320196,"{""rowNum"": 13, ""totCnt"": 1063, ""bidPbancNo"": ""R26BK01320196"", ""bidPbancOrd"": ""000"", ""bidPbancNm"": ""감만1구역 재개발정비사업조합 도시계획 용역업체 선정을 위한 입찰공고"", ""bidPbancNum"": ""R26BK01320196000"", ""edocNo"": ""감만1 재개발사업 조합 공고 제2026-2호"", ""usrDocNoVal"": ""감만1 재개발사업 조합 공고 제2026-2호"", ""pbancSttsCd"": ""공400001"", ""pbancSttsCdNm"": ""등록공고"", ""prcmBsneSeCd"": ""조070002"", ""bidMthdCd"": ""입180002"", ""bidMthdCdNm"": ""전자입찰"", ""scsbdMthdCd"": ""낙030001"", ""scsbdMthdCdNm"": ""적격심사제"", ""stdCtrtMthdCd"": ""계030001"", ""stdCtrtMthdCdNm"": ""일반경쟁"", ""pbancPstgDt"": ""2026/02/05 16:29"", ""pbancPstgYn"": ""Y"", ""pbancKndCd"": ""공440002"", ""pbancKndCdNm"": ""실공고"", ""pbancInstUntyGrpNo"": ""IN0100000103452"", ""grpNm"": ""감만1구역주택재개발정비사업조합"", ""slprRcptDdlnDt"": ""2026/02/23 15:00"", ""pbancDscrTrgtYn"": ""Y"", ""slprRcptBgngYn"": ""N"", ""slprRcptDdlnYn"": ""N"", ""onbsPrnmntYn"": ""N"", ""bidQlfcEndYn"": ""N"", ""pbancBfssYn"": ""N"", ""bidClsfNo"": ""0"", ""bidPrgrsOrd"": ""000"", ""bidPbancPgstCd"": ""입160003"", ""sfbrSlctnOrd"": null, ""sfbrSlctnRsltCd"": null, ""docSbmsnDdlnDt"": null, ""cvlnQlemCrtrNo"": ""202412260183"", ""cvlnQlemPgstCd"": ""민020000"", ""objtdmdTermDt"": null, ""prcmBsneSeCdNm"": ""용역"", ""bidPbancPgstCdNm"": null, ""pbancSttsGridCdNm"": ""입찰개시"", ""currentPage"": 2, ""recordCountPerPage"": 10, ""nextRowYn"": ""Y"", ""detail"": {""result"": {""noceList"": []}, ""ErrorMsg"": ""정상적으로 조회되었습니다."", ""ErrorCode"": 0}}",2026-02-06 01:47:14
R26BK01320044,"광양축구전용구장 E석, N석  관람 환경 개선",주식회사 전남드래곤즈,용역,전자입찰,,2026-02-05,,,https://nuri.g2b.go.kr/nn/nnb/nnbb/selectBidNoceDetl.do?pbancNo=R26BK01320044,"{""rowNum"": 14, ""totCnt"": 1063, ""bidPbancNo"": ""R26BK01320044"", ""bidPbancOrd"": ""000"", ""bidPbancNm"": ""광양축구전용구장 E석, N석  관람 환경 개선"", ""bidPbancNum"": ""R26BK01320044000"", ""edocNo"": ""홍보마케팅실-26-00046"", ""usrDocNoVal"": ""홍보마케팅실-26-00046"", ""pbancSttsCd"": ""공400001"", ""pbancSttsCdNm"": ""등록공고"", ""prcmBsneSeCd"": ""조070002"", ""bidMthdCd"": ""입180002"", ""bidMthdCdNm"": ""전자입찰"", ""scsbdMthdCd"": ""낙030028"", ""scsbdMthdCdNm"": ""제안서평가에의한낙찰자결정"", ""stdCtrtMthdCd"": ""계030001"", ""stdCtrtMthdCdNm"": ""일반경쟁"", ""pbancPstgDt"": ""2026/02/05 16:29"", ""pbancPstgYn"": ""Y"", ""pbancKndCd"": ""공440002"", ""pbancKndCdNm"": ""실공고"", ""pbancInstUntyGrpNo"": ""IN0100000081200"", ""grpNm"": ""주식회사 전남드래곤즈"", ""slprRcptDdlnDt"": ""2026/02/19 17:00"", ""pbancDscrTrgtYn"": ""Y"", ""slprRcptBgngYn"": ""Y"", ""slprRcptDdlnYn"": ""N"", ""onbsPrnmntYn"": ""N"", ""bidQlfcEndYn"": ""N"", ""pbancBfssYn"": ""N"", ""bidClsfNo"": ""0"", ""bidPrgrsOrd"": ""000"", ""bidPbancPgstCd"": ""입160003"", ""sfbrSlctnOrd"": null, ""sfbrSlctnRsltCd"": null, ""docSbmsnDdlnDt"": null, ""cvlnQlemCrtrNo"": null, ""cvlnQlemPgstCd"": null, ""objtdmdTermDt"": null, ""prcmBsneSeCdNm"": ""용역"", ""bidPbancPgstCdNm"": null, ""pbancSttsGridCdNm"": ""입찰개시"", ""currentPage"": 2, ""recordCountPerPage"": 10, ""nextRowYn"": ""Y"", ""detail"": {""result"": {""noceList"": []}, ""ErrorMsg"": ""정상적으로 조회되었습니다."", ""ErrorCode"": 0}}",2026-02-06 01:47:15
R26BK01320143,2026년 제주SK FC 홈경기장 W석 리뉴얼 업무 용역,제주유나이티드에프씨주식회사,용역,직찰,,2026-02-05,,,https://nuri.g2b.go.kr/nn/nnb/nnbb/selectBidNoceDetl.do?pbancNo=R26BK01320143,"{""rowNum"": 15, ""totCnt"": 1063, ""bidPbancNo"": ""R26BK01320143"", ""bidPbancOrd"": ""000"", ""bidPbancNm"": ""2026년 제주SK FC 홈경기장 W석 리뉴얼 업무 용역"", ""bidPbancNum"": ""R26BK01320143000"", ""edocNo"": ""2026_0205_02"", ""usrDocNoVal"": ""2026_0205_02"", ""pbancSttsCd"": ""공400001"", ""pbancSttsCdNm"": ""등록공고"", ""prcmBsneSeCd"": ""조070002"", ""bidMthdCd"": ""입180001"", ""bidMthdCdNm"": ""직찰"", ""scsbdMthdCd"": ""낙030028"", ""scsbdMthdCdNm"": ""제안서평가에의한낙찰자결정"", ""stdCtrtMthdCd"": ""계030001"", ""stdCtrtMthdCdNm"": ""일반경쟁"", ""pbancPstgDt"": ""2026/02/05 16:17"", ""pbancPstgYn"": ""Y"", ""pbancKndCd"": ""공440002"", ""pbancKndCdNm"": ""실공고"", ""pbancInstUntyGrpNo"": ""IN0100000090874"", ""grpNm"": ""제주유나이티드에프씨주식회사"", ""slprRcptDdlnDt"": null, ""pbancDscrTrgtYn"": ""N"", ""slprRcptBgngYn"": ""Y"", ""slprRcptDdlnYn"": ""Y"", ""onbsPrnmntYn"": ""N"", ""bidQlfcEndYn"": ""N"", ""pbancBfssYn"": ""N"", ""bidClsfNo"": ""0"", ""bidPrgrsOrd"": ""000"", ""bidPbancPgstCd"": ""입160003"", ""sfbrSlctnOrd"": null, ""sfbrSlctnRsltCd"": null, ""docSbmsnDdlnDt"": null, ""cvlnQlemCrtrNo"": null, ""cvlnQlemPgstCd"": null, ""objtdmdTermDt"": null, ""prcmBsneSeCdNm"": ""용역"", ""bidPbancPgstCdNm"": null, ""pbancSttsGridCdNm"": ""입찰개시"", ""currentPage"": 2, ""recordCountPerPage"": 10, ""nextRowYn"": ""Y"", ""detail"": {""result"": {""noceList"": []}, ""ErrorMsg"": ""정상적으로 조회되었습니다."", ""ErrorCode"": 0}}",2026-02-06 01:47:15
R26BK01320084,2026년 제주에스케이에프씨 브랜드 홍보 용역,제주유나이티드에프씨주식회사,용역,직찰,,2026-02-05,,,https://nuri.g2b.go.kr/nn/nnb/nnbb/selectBidNoceDetl.do?pbancNo=R26BK01320084,"{""rowNum"": 16, ""totCnt"": 1063, ""bidPbancNo"": ""R26BK01320084"", ""bidPbancOrd"": ""000"", ""bidPbancNm"": ""2026년 제주에스케이에프씨 브랜드 홍보 용역"", ""bidPbancNum"": ""R26BK01320084000"", ""edocNo"": ""2026_0205_01"", ""usrDocNoVal"": ""2026_0205_01"", ""pbancSttsCd"": ""공400001"", ""pbancSttsCdNm"": ""등록공고"", ""prcmBsneSeCd"": ""조070002"", ""bidMthdCd"": ""입180001"", ""bidMthdCdNm"": ""직찰"", ""scsbdMthdCd"": ""낙030028"", ""scsbdMthdCdNm"": ""제안서평가에의한낙찰자결정"", ""stdCtrtMthdCd"": ""계030001"", ""stdCtrtMthdCdNm"": ""일반경쟁"", ""pbancPstgDt"": ""2026/02/05 16:07"", ""pbancPstgYn"": ""Y"", ""pbancKndCd"": ""공440002"", ""pbancKndCdNm"": ""실공고"", ""pbancInstUntyGrpNo"": ""IN0100000090874"", ""grpNm"": ""제주유나이티드에프씨주식회사"", ""slprRcptDdlnDt"": null, ""pbancDscrTrgtYn"": ""N"", ""slprRcptBgngYn"": ""Y"", ""slprRcptDdlnYn"": ""Y"", ""onbsPrnmntYn"": ""N"", ""bidQlfcEndYn"": ""N"", ""pbancBfssYn"": ""N"", ""bidClsfNo"": ""0"", ""bidPrgrsOrd"": ""000"", ""bidPbancPgstCd"": ""입160003"", ""sfbrSlctnOrd"": null, ""sfbrSlctnRsltCd"": null, ""docSbmsnDdlnDt"": null, ""cvlnQlemCrtrNo"": null, ""cvlnQlemPgstCd"": null, ""objtdmdTermDt"": null, ""prcmBsneSeCdNm"": ""용역"", ""bidPbancPgstCdNm"": null, ""pbancSttsGridCdNm"": ""입찰개시"", ""currentPage"": 2, ""recordCountPerPage"": 10, ""nextRowYn"": ""Y"", ""detail"": {""result"": {""noceList"": []}, ""ErrorMsg"": ""정상적으로 조회되었습니다."", ""ErrorCode"": 0}}",2026-02-06 01:47:16
R26BK01319793,안양8동 행정복지센터 주변 재개발사업 조합설립추진위원회 도시계획업체 선정  입찰 공고,안양8동 행정복지센터 주변 재개발사업 조합설립추진위원회,용역,전자입찰,,2026-02-05,,,https://nuri.g2b.go.kr/nn/nnb/nnbb/selectBidNoceDetl.do?pbancNo=R26BK01319793,"{""rowNum"": 17, ""totCnt"": 1063, ""bidPbancNo"": ""R26BK01319793"", ""bidPbancOrd"": ""000"", ""bidPbancNm"": ""안양8동 행정복지센터 주변 재개발사업 조합설립추진위원회 도시계획업체 선정  입찰 공고"", ""bidPbancNum"": ""R26BK01319793000"", ""edocNo"": ""제2026-03호"", ""usrDocNoVal"": ""제2026-03호"", ""pbancSttsCd"": ""공400001"", ""pbancSttsCdNm"": ""등록공고"", ""prcmBsneSeCd"": ""조070002"", ""bidMthdCd"": ""입180002"", ""bidMthdCdNm"": ""전자입찰"", ""scsbdMthdCd"": ""낙030001"", ""scsbdMthdCdNm"": ""적격심사제"", ""stdCtrtMthdCd"": ""계030001"", ""stdCtrtMthdCdNm"": ""일반경쟁"", ""pbancPstgDt"": ""2026/02/05 15:23"", ""pbancPstgYn"": ""Y"", ""pbancKndCd"": ""공440002"", ""pbancKndCdNm"": ""실공고"", ""pbancInstUntyGrpNo"": ""IN0000000013974"", ""grpNm"": ""안양8동 행정복지센터 주변 재개발사업 조합설립추진위원회"", ""slprRcptDdlnDt"": ""2026/02/13 15:00"", ""pbancDscrTrgtYn"": ""N"", ""slprRcptBgngYn"": ""Y"", ""slprRcptDdlnYn"": ""N"", ""onbsPrnmntYn"": ""N"", ""bidQlfcEndYn"": ""N"", ""pbancBfssYn"": ""N"", ""bidClsfNo"": ""0"", ""bidPrgrsOrd"": ""000"", ""bidPbancPgstCd"": ""입160003"", ""sfbrSlctnOrd"": null, ""sfbrSlctnRsltCd"": null, ""docSbmsnDdlnDt"": null, ""cvlnQlemCrtrNo"": ""202412260183"", ""cvlnQlemPgstCd"": ""민020000"", ""objtdmdTermDt"": null, ""prcmBsneSeCdNm"": ""용역"", ""bidPbancPgstCdNm"": null, ""pbancSttsGridCdNm"": ""입찰개시"", ""currentPage"": 2, ""recordCountPerPage"": 10, ""nextRowYn"": ""Y"", ""detail"": {""result"": {""noceList"": []}, ""ErrorMsg"": ""정상적으로 조회되었습니다."", ""ErrorCode"": 0}}",2026-02-06 01:47:16
R26BK01319557,2026년도 디지털 소외계층 지원사업  프로그램 운영을 위한 교육장비 임대,사단법인 한국정보과학진흥협회,물품,전자입찰,,2026-02-05,,,https://nuri.g2b.go.kr/nn/nnb/nnbb/selectBidNoceDetl.do?pbancNo=R26BK01319557,"{""rowNum"": 18, ""totCnt"": 1063, ""bidPbancNo"": ""R26BK01319557"", ""bidPbancOrd"": ""000"", ""bidPbancNm"": ""2026년도 디지털 소외계층 지원사업  프로그램 운영을 위한 교육장비 임대"", ""bidPbancNum"": ""R26BK01319557000"", ""edocNo"": ""정보과학2026-01호"", ""usrDocNoVal"": ""정보과학2026-01호"", ""pbancSttsCd"": ""공400001"", ""pbancSttsCdNm"": ""등록공고"", ""prcmBsneSeCd"": ""조070001"", ""bidMthdCd"": ""입180002"", ""bidMthdCdNm"": ""전자입찰"", ""scsbdMthdCd"": ""낙030028"", ""scsbdMthdCdNm"": ""제안서평가에의한낙찰자결정"", ""stdCtrtMthdCd"": ""계030003"", ""stdCtrtMthdCdNm"": ""제한경쟁"", ""pbancPstgDt"": ""2026/02/05 14:46"", ""pbancPstgYn"": ""Y"", ""pbancKndCd"": ""공440002"", ""pbancKndCdNm"": ""실공고"", ""pbancInstUntyGrpNo"": ""IN0100000123407"", ""grpNm"": ""사단법인 한국정보과학진흥협회"", ""slprRcptDdlnDt"": ""2026/02/19 10:00"", ""pbancDscrTrgtYn"": ""N"", ""slprRcptBgngYn"": ""Y"", ""slprRcptDdlnYn"": ""N"", ""onbsPrnmntYn"": ""N"", ""bidQlfcEndYn"": ""N"", ""pbancBfssYn"": ""N"", ""bidClsfNo"": ""1"", ""bidPrgrsOrd"": ""000"", ""bidPbancPgstCd"": ""입160003"", ""sfbrSlctnOrd"": null, ""sfbrSlctnRsltCd"": null, ""docSbmsnDdlnDt"": null, ""cvlnQlemCrtrNo"": null, ""cvlnQlemPgstCd"": null, ""objtdmdTermDt"": null, ""prcmBsneSeCdNm"": ""물품"", ""bidPbancPgstCdNm"": null, ""pbancSttsGridCdNm"": ""입찰개시"", ""currentPage"": 2, ""recordCountPerPage"": 10, ""nextRowYn"": ""Y"", ""detail"": {""result"": {""noceList"": []}, ""ErrorMsg"": ""정상적으로 조회되었습니다."", ""ErrorCode"": 0}}",2026-02-06 01:47:17
R26BK01319527,태그하이브 2026년 IBS프로그램 디지털솔루션 기자재 제작 납품,태그하이브 주식회사,물품,전자입찰,,2026-02-05,,,https://nuri.g2b.go.kr/nn/nnb/nnbb/selectBidNoceDetl.do?pbancNo=R26BK01319527,"{""rowNum"": 19, ""totCnt"": 1063, ""bidPbancNo"": ""R26BK01319527"", ""bidPbancOrd"": ""000"", ""bidPbancNm"": ""태그하이브 2026년 IBS프로그램 디지털솔루션 기자재 제작 납품"", ""bidPbancNum"": ""R26BK01319527000"", ""edocNo"": ""제2026-1호"", ""usrDocNoVal"": ""제2026-1호"", ""pbancSttsCd"": ""공400001"", ""pbancSttsCdNm"": ""등록공고"", ""prcmBsneSeCd"": ""조070001"", ""bidMthdCd"": ""입180002"", ""bidMthdCdNm"": ""전자입찰"", ""scsbdMthdCd"": ""낙030028"", ""scsbdMthdCdNm"": ""제안서평가에의한낙찰자결정"", ""stdCtrtMthdCd"": ""계030001"", ""stdCtrtMthdCdNm"": ""일반경쟁"", ""pbancPstgDt"": ""2026/02/05 14:44"", ""pbancPstgYn"": ""Y"", ""pbancKndCd"": ""공440002"", ""pbancKndCdNm"": ""실공고"", ""pbancInstUntyGrpNo"": ""IN0000000002630"", ""grpNm"": ""태그하이브 주식회사"", ""slprRcptDdlnDt"": ""2026/02/13 14:00"", ""pbancDscrTrgtYn"": ""N"", ""slprRcptBgngYn"": ""Y"", ""slprRcptDdlnYn"": ""N"", ""onbsPrnmntYn"": ""N"", ""bidQlfcEndYn"": ""N"", ""pbancBfssYn"": ""N"", ""bidClsfNo"": ""1"", ""bidPrgrsOrd"": ""000"", ""bidPbancPgstCd"": ""입160003"", ""sfbrSlctnOrd"": null, ""sfbrSlctnRsltCd"": null, ""docSbmsnDdlnDt"": null, ""cvlnQlemCrtrNo"": null, ""cvlnQlemPgstCd"": null, ""objtdmdTermDt"": null, ""prcmBsneSeCdNm"": ""물품"", ""bidPbancPgstCdNm"": null, ""pbancSttsGridCdNm"": ""입찰개시"", ""currentPage"": 2, ""recordCountPerPage"": 10, ""nextRowYn"": ""Y"", ""detail"": {""result"": {""noceList"": []}, ""ErrorMsg"": ""정상적으로 조회되었습니다."", ""ErrorCode"": 0}}",2026-02-06 01:47:17
R26BK01319412,퀸즈타운W사하  승강기 노후부품 교체공사,퀸즈타운W사하 관리단,공사,직찰,,2026-02-05,,,https://nuri.g2b.go.kr/nn/nnb/nnbb/selectBidNoceDetl.do?pbancNo=R26BK01319412,"{""rowNum"": 20, ""totCnt"": 1063, ""bidPbancNo"": ""R26BK01319412"", ""bidPbancOrd"": ""000"", ""bidPbancNm"": ""퀸즈타운W사하  승강기 노후부품 교체공사"", ""bidPbancNum"": ""R26BK01319412000"", ""edocNo"": ""20260205"", ""usrDocNoVal"": ""20260205"", ""pbancSttsCd"": ""공400001"", ""pbancSttsCdNm"": ""등록공고"", ""prcmBsneSeCd"": ""조070004"", ""bidMthdCd"": ""입180001"", ""bidMthdCdNm"": ""직찰"", ""scsbdMthdCd"": ""낙030021"", ""scsbdMthdCdNm"": ""최저가낙찰제"", ""stdCtrtMthdCd"": ""계030001"", ""stdCtrtMthdCdNm"": ""일반경쟁"", ""pbancPstgDt"": ""2026/02/05 14:24"", ""pbancPstgYn"": ""Y"", ""pbancKndCd"": ""공440002"", ""pbancKndCdNm"": ""실공고"", ""pbancInstUntyGrpNo"": ""IN0100000112108"", ""grpNm"": ""퀸즈타운W사하 관리단"", ""slprRcptDdlnDt"": null, ""pbancDscrTrgtYn"": ""Y"", ""slprRcptBgngYn"": ""Y"", ""slprRcptDdlnYn"": ""Y"", ""onbsPrnmntYn"": ""N"", ""bidQlfcEndYn"": ""N"", ""pbancBfssYn"": ""N"", ""bidClsfNo"": ""0"", ""bidPrgrsOrd"": ""000"", ""bidPbancPgstCd"": ""입160003"", ""sfbrSlctnOrd"": null, ""sfbrSlctnRsltCd"": null, ""docSbmsnDdlnDt"": null, ""cvlnQlemCrtrNo"": null, ""cvlnQlemPgstCd"": null, ""objtdmdTermDt"": null, ""prcmBsneSeCdNm"": ""공사"", ""bidPbancPgstCdNm"": null, ""pbancSttsGridCdNm"": ""입찰개시"", ""currentPage"": 2, ""recordCountPerPage"": 10, ""nextRowYn"": ""Y"", ""detail"": {""result"": {""noceList"": []}, ""ErrorMsg"": ""정상적으로 조회되었습니다."", ""ErrorCode"": 0}}",2026-02-06 01:47:18
R26BK01319236,2026-2028회계연도 외부회계감사 업체 선정_외부감사인 선임,&#40;주&#41;수협개발,용역,직찰,,2026-02-05,,,https://nuri.g2b.go.kr/nn/nnb/nnbb/selectBidNoceDetl.do?pbancNo=R26BK01319236,"{""rowNum"": 21, ""totCnt"": 1063, ""bidPbancNo"": ""R26BK01319236"", ""bidPbancOrd"": ""000"", ""bidPbancNm"": ""2026-2028회계연도 외부회계감사 업체 선정_외부감사인 선임"", ""bidPbancNum"": ""R26BK01319236000"", ""edocNo"": ""수협개발26기획-021호"", ""usrDocNoVal"": ""수협개발26기획-021호"", ""pbancSttsCd"": ""공400001"", ""pbancSttsCdNm"": ""등록공고"", ""prcmBsneSeCd"": ""조070002"", ""bidMthdCd"": ""입180001"", ""bidMthdCdNm"": ""직찰"", ""scsbdMthdCd"": ""낙030028"", ""scsbdMthdCdNm"": ""제안서평가에의한낙찰자결정"", ""stdCtrtMthdCd"": ""계030003"", ""stdCtrtMthdCdNm"": ""제한경쟁"", ""pbancPstgDt"": ""2026/02/05 13:58"", ""pbancPstgYn"": ""Y"", ""pbancKndCd"": ""공440002"", ""pbancKndCdNm"": ""실공고"", ""pbancInstUntyGrpNo"": ""IN0100000075843"", ""grpNm"": ""&#40;주&#41;수협개발"", ""slprRcptDdlnDt"": null, ""pbancDscrTrgtYn"": ""N"", ""slprRcptBgngYn"": ""Y"", ""slprRcptDdlnYn"": ""Y"", ""onbsPrnmntYn"": ""N"", ""bidQlfcEndYn"": ""N"", ""pbancBfssYn"": ""N"", ""bidClsfNo"": ""0"", ""bidPrgrsOrd"": ""000"", ""bidPbancPgstCd"": ""입160003"", ""sfbrSlctnOrd"": null, ""sfbrSlctnRsltCd"": null, ""docSbmsnDdlnDt"": null, ""cvlnQlemCrtrNo"": null, ""cvlnQlemPgstCd"": null, ""objtdmdTermDt"": null, ""prcmBsneSeCdNm"": ""용역"", ""bidPbancPgstCdNm"": null, ""pbancSttsGridCdNm"": ""입찰개시"", ""currentPage"": 3, ""recordCountPerPage"": 10, ""nextRowYn"": ""Y"", ""detail"": {""result"": {""noceList"": []}, ""ErrorMsg"": ""정상적으로 조회되었습니다."", ""ErrorCode"": 0}}",2026-02-06 01:47:20
R26BK01319044,퀸즈타운W사하 승강기 노후부품교체 공사,퀸즈타운W사하 관리단,공사,직찰,,2026-02-05,,,https://nuri.g2b.go.kr/nn/nnb/nnbb/selectBidNoceDetl.do?pbancNo=R26BK01319044,"{""rowNum"": 22, ""totCnt"": 1063, ""bidPbancNo"": ""R26BK01319044"", ""bidPbancOrd"": ""000"", ""bidPbancNm"": ""퀸즈타운W사하 승강기 노후부품교체 공사"", ""bidPbancNum"": ""R26BK01319044000"", ""edocNo"": ""20230205"", ""usrDocNoVal"": ""20230205"", ""pbancSttsCd"": ""공400001"", ""pbancSttsCdNm"": ""등록공고"", ""prcmBsneSeCd"": ""조070004"", ""bidMthdCd"": ""입180001"", ""bidMthdCdNm"": ""직찰"", ""scsbdMthdCd"": ""낙030021"", ""scsbdMthdCdNm"": ""최저가낙찰제"", ""stdCtrtMthdCd"": ""계030001"", ""stdCtrtMthdCdNm"": ""일반경쟁"", ""pbancPstgDt"": ""2026/02/05 13:50"", ""pbancPstgYn"": ""Y"", ""pbancKndCd"": ""공440002"", ""pbancKndCdNm"": ""실공고"", ""pbancInstUntyGrpNo"": ""IN0100000112108"", ""grpNm"": ""퀸즈타운W사하 관리단"", ""slprRcptDdlnDt"": null, ""pbancDscrTrgtYn"": ""Y"", ""slprRcptBgngYn"": ""Y"", ""slprRcptDdlnYn"": ""Y"", ""onbsPrnmntYn"": ""N"", ""bidQlfcEndYn"": ""N"", ""pbancBfssYn"": ""N"", ""bidClsfNo"": ""0"", ""bidPrgrsOrd"": ""000"", ""bidPbancPgstCd"": ""입160003"", ""sfbrSlctnOrd"": null, ""sfbrSlctnRsltCd"": null, ""docSbmsnDdlnDt"": null, ""cvlnQlemCrtrNo"": null, ""cvlnQlemPgstCd"": null, ""objtdmdTermDt"": null, ""prcmBsneSeCdNm"": ""공사"", ""bidPbancPgstCdNm"": null, ""pbancSttsGridCdNm"": ""입찰개시"", ""currentPage"": 3, ""recordCountPerPage"": 10, ""nextRowYn"": ""Y"", ""detail"": {""result"": {""noceList"": []}, ""ErrorMsg"": ""정상적으로 조회되었습니다."", ""ErrorCode"": 0}}",2026-02-06 01:47:20
R26BK01319157,미술장식품 설치 업체 선정 입찰공고,반포아파트&#40;제3주구&#41;주택재건축정비사업조합,용역,전자입찰,,2026-02-05,,,https://nuri.g2b.go.kr/nn/nnb/nnbb/selectBidNoceDetl.do?pbancNo=R26BK01319157,"{""rowNum"": 23, ""totCnt"": 1063, ""bidPbancNo"": ""R26BK01319157"", ""bidPbancOrd"": ""000"", ""bidPbancNm"": ""미술장식품 설치 업체 선정 입찰공고"", ""bidPbancNum"": ""R26BK01319157000"", ""edocNo"": ""제2026-06호"", ""usrDocNoVal"": ""제2026-06호"", ""pbancSttsCd"": ""공400001"", ""pbancSttsCdNm"": ""등록공고"", ""prcmBsneSeCd"": ""조070002"", ""bidMthdCd"": ""입180002"", ""bidMthdCdNm"": ""전자입찰"", ""scsbdMthdCd"": ""낙030001"", ""scsbdMthdCdNm"": ""적격심사제"", ""stdCtrtMthdCd"": ""계030001"", ""stdCtrtMthdCdNm"": ""일반경쟁"", ""pbancPstgDt"": ""2026/02/05 13:45"", ""pbancPstgYn"": ""Y"", ""pbancKndCd"": ""공440002"", ""pbancKndCdNm"": ""실공고"", ""pbancInstUntyGrpNo"": ""IN0100000073725"", ""grpNm"": ""반포아파트&#40;제3주구&#41;주택재건축정비사업조합"", ""slprRcptDdlnDt"": ""2026/02/13 14:00"", ""pbancDscrTrgtYn"": ""N"", ""slprRcptBgngYn"": ""Y"", ""slprRcptDdlnYn"": ""N"", ""onbsPrnmntYn"": ""N"", ""bidQlfcEndYn"": ""N"", ""pbancBfssYn"": ""N"", ""bidClsfNo"": ""0"", ""bidPrgrsOrd"": ""000"", ""bidPbancPgstCd"": ""입160003"", ""sfbrSlctnOrd"": null, ""sfbrSlctnRsltCd"": null, ""docSbmsnDdlnDt"": null, ""cvlnQlemCrtrNo"": ""202412260183"", ""cvlnQlemPgstCd"": ""민020000"", ""objtdmdTermDt"": null, ""prcmBsneSeCdNm"": ""용역"", ""bidPbancPgstCdNm"": null, ""pbancSttsGridCdNm"": ""입찰개시"", ""currentPage"": 3, ""recordCountPerPage"": 10, ""nextRowYn"": ""Y"", ""detail"": {""result"": {""noceList"": []}, ""ErrorMsg"": ""정상적으로 조회되었습니다."", ""ErrorCode"": 0}}",2026-02-06 01:47:21
R26BK01319117,세화고 남단도로 도시계획시설 결정을 위한 교통영향평가 업체 선정 입찰공고,반포아파트&#40;제3주구&#41;주택재건축정비사업조합,용역,전자입찰,,2026-02-05,,,https://nuri.g2b.go.kr/nn/nnb/nnbb/selectBidNoceDetl.do?pbancNo=R26BK01319117,"{""rowNum"": 24, ""totCnt"": 1063, ""bidPbancNo"": ""R26BK01319117"", ""bidPbancOrd"": ""000"", ""bidPbancNm"": ""세화고 남단도로 도시계획시설 결정을 위한 교통영향평가 업체 선정 입찰공고"", ""bidPbancNum"": ""R26BK01319117000"", ""edocNo"": ""제2026-05호"", ""usrDocNoVal"": ""제2026-05호"", ""pbancSttsCd"": ""공400001"", ""pbancSttsCdNm"": ""등록공고"", ""prcmBsneSeCd"": ""조070002"", ""bidMthdCd"": ""입180002"", ""bidMthdCdNm"": ""전자입찰"", ""scsbdMthdCd"": ""낙030001"", ""scsbdMthdCdNm"": ""적격심사제"", ""stdCtrtMthdCd"": ""계030001"", ""stdCtrtMthdCdNm"": ""일반경쟁"", ""pbancPstgDt"": ""2026/02/05 13:40"", ""pbancPstgYn"": ""Y"", ""pbancKndCd"": ""공440002"", ""pbancKndCdNm"": ""실공고"", ""pbancInstUntyGrpNo"": ""IN0100000073725"", ""grpNm"": ""반포아파트&#40;제3주구&#41;주택재건축정비사업조합"", ""slprRcptDdlnDt"": ""2026/02/13 14:00"", ""pbancDscrTrgtYn"": ""N"", ""slprRcptBgngYn"": ""Y"", ""slprRcptDdlnYn"": ""N"", ""onbsPrnmntYn"": ""N"", ""bidQlfcEndYn"": ""N"", ""pbancBfssYn"": ""N"", ""bidClsfNo"": ""0"", ""bidPrgrsOrd"": ""000"", ""bidPbancPgstCd"": ""입160003"", ""sfbrSlctnOrd"": null, ""sfbrSlctnRsltCd"": null, ""docSbmsnDdlnDt"": null, ""cvlnQlemCrtrNo"": ""202412260183"", ""cvlnQlemPgstCd"": ""민020000"", ""objtdmdTermDt"": null, ""prcmBsneSeCdNm"": ""용역"", ""bidPbancPgstCdNm"": null, ""pbancSttsGridCdNm"": ""입찰개시"", ""currentPage"": 3, ""recordCountPerPage"": 10, ""nextRowYn"": ""Y"", ""detail"": {""result"": {""noceList"": []}, ""ErrorMsg"": ""정상적으로 조회되었습니다."", ""ErrorCode"": 0}}",2026-02-06 01:47:22
R26BK01278185,둔산지구 통합11구역 재건축정비사업 도시계획건축설계 컨소시엄 업체 선정 입찰 공고,국화단지재건축추진준비위원회,용역,전자입찰,,2026-02-05,,,https://nuri.g2b.go.kr/nn/nnb/nnbb/selectBidNoceDetl.do?pbancNo=R26BK01278185,"{""rowNum"": 25, ""totCnt"": 1063, ""bidPbancNo"": ""R26BK01278185"", ""bidPbancOrd"": ""003"", ""bidPbancNm"": ""둔산지구 통합11구역 재건축정비사업 도시계획건축설계 컨소시엄 업체 선정 입찰 공고"", ""bidPbancNum"": ""R26BK01278185003"", ""edocNo"": ""제2026-02호"", ""usrDocNoVal"": ""제2026-02호"", ""pbancSttsCd"": ""공400003"", ""pbancSttsCdNm"": ""취소공고"", ""prcmBsneSeCd"": ""조070002"", ""bidMthdCd"": ""입180002"", ""bidMthdCdNm"": ""전자입찰"", ""scsbdMthdCd"": ""낙030001"", ""scsbdMthdCdNm"": ""적격심사제"", ""stdCtrtMthdCd"": ""계030001"", ""stdCtrtMthdCdNm"": ""일반경쟁"", ""pbancPstgDt"": ""2026/02/05 13:31"", ""pbancPstgYn"": ""Y"", ""pbancKndCd"": ""공440002"", ""pbancKndCdNm"": ""실공고"", ""pbancInstUntyGrpNo"": ""IN0000000013667"", ""grpNm"": ""국화단지재건축추진준비위원회"", ""slprRcptDdlnDt"": ""2026/02/06 11:00"", ""pbancDscrTrgtYn"": ""Y"", ""slprRcptBgngYn"": ""Y"", ""slprRcptDdlnYn"": ""N"", ""onbsPrnmntYn"": ""N"", ""bidQlfcEndYn"": ""Y"", ""pbancBfssYn"": ""Y"", ""bidClsfNo"": ""0"", ""bidPrgrsOrd"": ""000"", ""bidPbancPgstCd"": ""입160003"", ""sfbrSlctnOrd"": null, ""sfbrSlctnRsltCd"": null, ""docSbmsnDdlnDt"": null, ""cvlnQlemCrtrNo"": ""202412260183"", ""cvlnQlemPgstCd"": ""민020000"", ""objtdmdTermDt"": null, ""prcmBsneSeCdNm"": ""용역"", ""bidPbancPgstCdNm"": null, ""pbancSttsGridCdNm"": ""입찰개시"", ""currentPage"": 3, ""recordCountPerPage"": 10, ""nextRowYn"": ""Y"", ""detail"": {""result"": {""noceList"": []}, ""ErrorMsg"": ""정상적으로 조회되었습니다."", ""ErrorCode"": 0}}",2026-02-06 01:47:22
R26BK01319009,더케이제주호텔 청소장비 구매,더케이제주호텔&#40;주&#41;,물품,전자입찰,,2026-02-05,,,https://nuri.g2b.go.kr/nn/nnb/nnbb/selectBidNoceDetl.do?pbancNo=R26BK01319009,"{""rowNum"": 26, ""totCnt"": 1063, ""bidPbancNo"": ""R26BK01319009"", ""bidPbancOrd"": ""000"", ""bidPbancNm"": ""더케이제주호텔 청소장비 구매"", ""bidPbancNum"": ""R26BK01319009000"", ""edocNo"": ""총무구메-42"", ""usrDocNoVal"": ""총무구메-42"", ""pbancSttsCd"": ""공400001"", ""pbancSttsCdNm"": ""등록공고"", ""prcmBsneSeCd"": ""조070001"", ""bidMthdCd"": ""입180002"", ""bidMthdCdNm"": ""전자입찰"", ""scsbdMthdCd"": ""낙030021"", ""scsbdMthdCdNm"": ""최저가낙찰제"", ""stdCtrtMthdCd"": ""계030001"", ""stdCtrtMthdCdNm"": ""일반경쟁"", ""pbancPstgDt"": ""2026/02/05 13:19"", ""pbancPstgYn"": ""Y"", ""pbancKndCd"": ""공440002"", ""pbancKndCdNm"": ""실공고"", ""pbancInstUntyGrpNo"": ""IN0100000090627"", ""grpNm"": ""더케이제주호텔&#40;주&#41;"", ""slprRcptDdlnDt"": ""2026/02/13 14:00"", ""pbancDscrTrgtYn"": ""N"", ""slprRcptBgngYn"": ""N"", ""slprRcptDdlnYn"": ""N"", ""onbsPrnmntYn"": ""N"", ""bidQlfcEndYn"": ""N"", ""pbancBfssYn"": ""N"", ""bidClsfNo"": ""1"", ""bidPrgrsOrd"": ""000"", ""bidPbancPgstCd"": ""입160003"", ""sfbrSlctnOrd"": null, ""sfbrSlctnRsltCd"": null, ""docSbmsnDdlnDt"": null, ""cvlnQlemCrtrNo"": null, ""cvlnQlemPgstCd"": null, ""objtdmdTermDt"": null, ""prcmBsneSeCdNm"": ""물품"", ""bidPbancPgstCdNm"": null, ""pbancSttsGridCdNm"": ""입찰개시"", ""currentPage"": 3, ""recordCountPerPage"": 10, ""nextRowYn"": ""Y"", ""detail"": {""result"": {""noceList"": []}, ""ErrorMsg"": ""정상적으로 조회되었습니다."", ""ErrorCode"": 0}}",2026-02-06 01:47:23
R26BK01318827,설계자 선정 입찰공고,종암8구역 주택정비형 재개발사업 조합설립추진위원회,용역,전자입찰,,2026-02-05,,,https://nuri.g2b.go.kr/nn/nnb/nnbb/selectBidNoceDetl.do?pbancNo=R26BK01318827,"{""rowNum"": 27, ""totCnt"": 1063, ""bidPbancNo"": ""R26BK01318827"", ""bidPbancOrd"": ""000"", ""bidPbancNm"": ""설계자 선정 입찰공고"", ""bidPbancNum"": ""R26BK01318827000"", ""edocNo"": ""종암8구역 추진위 공고 제226-02-02호"", ""usrDocNoVal"": ""종암8구역 추진위 공고 제226-02-02호"", ""pbancSttsCd"": ""공400001"", ""pbancSttsCdNm"": ""등록공고"", ""prcmBsneSeCd"": ""조070002"", ""bidMthdCd"": ""입180002"", ""bidMthdCdNm"": ""전자입찰"", ""scsbdMthdCd"": ""낙030001"", ""scsbdMthdCdNm"": ""적격심사제"", ""stdCtrtMthdCd"": ""계030001"", ""stdCtrtMthdCdNm"": ""일반경쟁"", ""pbancPstgDt"": ""2026/02/05 13:17"", ""pbancPstgYn"": ""Y"", ""pbancKndCd"": ""공440002"", ""pbancKndCdNm"": ""실공고"", ""pbancInstUntyGrpNo"": ""IN0000000014009"", ""grpNm"": ""종암8구역 주택정비형 재개발사업 조합설립추진위원회"", ""slprRcptDdlnDt"": ""2026/02/24 15:00"", ""pbancDscrTrgtYn"": ""N"", ""slprRcptBgngYn"": ""N"", ""slprRcptDdlnYn"": ""N"", ""onbsPrnmntYn"": ""N"", ""bidQlfcEndYn"": ""N"", ""pbancBfssYn"": ""N"", ""bidClsfNo"": ""0"", ""bidPrgrsOrd"": ""000"", ""bidPbancPgstCd"": ""입160003"", ""sfbrSlctnOrd"": null, ""sfbrSlctnRsltCd"": null, ""docSbmsnDdlnDt"": null, ""cvlnQlemCrtrNo"": ""202412260183"", ""cvlnQlemPgstCd"": ""민020000"", ""objtdmdTermDt"": null, ""prcmBsneSeCdNm"": ""용역"", ""bidPbancPgstCdNm"": null, ""pbancSttsGridCdNm"": ""입찰개시"", ""currentPage"": 3, ""recordCountPerPage"": 10, ""nextRowYn"": ""Y"", ""detail"": {""result"": {""noceList"": []}, ""ErrorMsg"": ""정상적으로 조회되었습니다."", ""ErrorCode"": 0}}",2026-02-06 01:47:23
R26BK01318802,정비사업전문관리업자 선정 입찰공고,종암8구역 주택정비형 재개발사업 조합설립추진위원회,용역,전자입찰,,2026-02-05,,,https://nuri.g2b.go.kr/nn/nnb/nnbb/selectBidNoceDetl.do?pbancNo=R26BK01318802,"{""rowNum"": 28, ""totCnt"": 1063, ""bidPbancNo"": ""R26BK01318802"", ""bidPbancOrd"": ""000"", ""bidPbancNm"": ""정비사업전문관리업자 선정 입찰공고"", ""bidPbancNum"": ""R26BK01318802000"", ""edocNo"": ""종암8구역 추진위 공고 제2026-02-01호"", ""usrDocNoVal"": ""종암8구역 추진위 공고 제2026-02-01호"", ""pbancSttsCd"": ""공400001"", ""pbancSttsCdNm"": ""등록공고"", ""prcmBsneSeCd"": ""조070002"", ""bidMthdCd"": ""입180002"", ""bidMthdCdNm"": ""전자입찰"", ""scsbdMthdCd"": ""낙030001"", ""scsbdMthdCdNm"": ""적격심사제"", ""stdCtrtMthdCd"": ""계030001"", ""stdCtrtMthdCdNm"": ""일반경쟁"", ""pbancPstgDt"": ""2026/02/05 13:17"", ""pbancPstgYn"": ""Y"", ""pbancKndCd"": ""공440002"", ""pbancKndCdNm"": ""실공고"", ""pbancInstUntyGrpNo"": ""IN0000000014009"", ""grpNm"": ""종암8구역 주택정비형 재개발사업 조합설립추진위원회"", ""slprRcptDdlnDt"": ""2026/02/24 15:00"", ""pbancDscrTrgtYn"": ""Y"", ""slprRcptBgngYn"": ""N"", ""slprRcptDdlnYn"": ""N"", ""onbsPrnmntYn"": ""N"", ""bidQlfcEndYn"": ""N"", ""pbancBfssYn"": ""N"", ""bidClsfNo"": ""0"", ""bidPrgrsOrd"": ""000"", ""bidPbancPgstCd"": ""입160003"", ""sfbrSlctnOrd"": null, ""sfbrSlctnRsltCd"": null, ""docSbmsnDdlnDt"": null, ""cvlnQlemCrtrNo"": ""202412260183"", ""cvlnQlemPgstCd"": ""민020000"", ""objtdmdTermDt"": null, ""prcmBsneSeCdNm"": ""용역"", ""bidPbancPgstCdNm"": null, ""pbancSttsGridCdNm"": ""입찰개시"", ""currentPage"": 3, ""recordCountPerPage"": 10, ""nextRowYn"": ""Y"", ""detail"": {""result"": {""noceList"": []}, ""ErrorMsg"": ""정상적으로 조회되었습니다."", ""ErrorCode"": 0}}",2026-02-06 01:47:24
R26BK01299272,승강기  리모델링공사,여의도 롯데캐슬 엠파이어 상가 관리단,공사,전자입찰,,2026-02-05,,,https://nuri.g2b.go.kr/nn/nnb/nnbb/selectBidNoceDetl.do?pbancNo=R26BK01299272,"{""rowNum"": 29, ""totCnt"": 1063, ""bidPbancNo"": ""R26BK01299272"", ""bidPbancOrd"": ""001"", ""bidPbancNm"": ""승강기  리모델링공사"", ""bidPbancNum"": ""R26BK01299272001"", ""edocNo"": ""여엠상260127-1"", ""usrDocNoVal"": ""여엠상260127-1"", ""pbancSttsCd"": ""공400003"", ""pbancSttsCdNm"": ""취소공고"", ""prcmBsneSeCd"": ""조070004"", ""bidMthdCd"": ""입180002"", ""bidMthdCdNm"": ""전자입찰"", ""scsbdMthdCd"": ""낙030021"", ""scsbdMthdCdNm"": ""최저가낙찰제"", ""stdCtrtMthdCd"": ""계030003"", ""stdCtrtMthdCdNm"": ""제한경쟁"", ""pbancPstgDt"": ""2026/02/05 13:04"", ""pbancPstgYn"": ""Y"", ""pbancKndCd"": ""공440002"", ""pbancKndCdNm"": ""실공고"", ""pbancInstUntyGrpNo"": ""IN0000000013796"", ""grpNm"": ""여의도 롯데캐슬 엠파이어 상가 관리단"", ""slprRcptDdlnDt"": ""2026/02/13 10:00"", ""pbancDscrTrgtYn"": ""Y"", ""slprRcptBgngYn"": ""N"", ""slprRcptDdlnYn"": ""N"", ""onbsPrnmntYn"": ""N"", ""bidQlfcEndYn"": ""N"", ""pbancBfssYn"": ""Y"", ""bidClsfNo"": ""0"", ""bidPrgrsOrd"": ""000"", ""bidPbancPgstCd"": ""입160003"", ""sfbrSlctnOrd"": null, ""sfbrSlctnRsltCd"": null, ""docSbmsnDdlnDt"": null, ""cvlnQlemCrtrNo"": null, ""cvlnQlemPgstCd"": null, ""objtdmdTermDt"": null, ""prcmBsneSeCdNm"": ""공사"", ""bidPbancPgstCdNm"": null, ""pbancSttsGridCdNm"": ""입찰개시"", ""currentPage"": 3, ""recordCountPerPage"": 10, ""nextRowYn"": ""Y"", ""detail"": {""result"": {""noceList"": []}, ""ErrorMsg"": ""정상적으로 조회되었습니다."", ""ErrorCode"": 0}}",2026-02-06 01:47:24
R26BK01316823,변호사_청산금 등 소송수행 용역 선정 입찰공고,영등주공1단지아파트 재건축정비사업조합,용역,전자입찰,,2026-02-05,,,https://nuri.g2b.go.kr/nn/nnb/nnbb/selectBidNoceDetl.do?pbancNo=R26BK01316823,"{""rowNum"": 30, ""totCnt"": 1063, ""bidPbancNo"": ""R26BK01316823"", ""bidPbancOrd"": ""001"", ""bidPbancNm"": ""변호사_청산금 등 소송수행 용역 선정 입찰공고"", ""bidPbancNum"": ""R26BK01316823001"", ""edocNo"": ""2026-0204-01호"", ""usrDocNoVal"": ""2026-0204-01호"", ""pbancSttsCd"": ""공400002"", ""pbancSttsCdNm"": ""변경공고"", ""prcmBsneSeCd"": ""조070002"", ""bidMthdCd"": ""입180002"", ""bidMthdCdNm"": ""전자입찰"", ""scsbdMthdCd"": ""낙030001"", ""scsbdMthdCdNm"": ""적격심사제"", ""stdCtrtMthdCd"": ""계030001"", ""stdCtrtMthdCdNm"": ""일반경쟁"", ""pbancPstgDt"": ""2026/02/05 10:35"", ""pbancPstgYn"": ""Y"", ""pbancKndCd"": ""공440002"", ""pbancKndCdNm"": ""실공고"", ""pbancInstUntyGrpNo"": ""IN0100000091731"", ""grpNm"": ""영등주공1단지아파트 재건축정비사업조합"", ""slprRcptDdlnDt"": ""2026/02/25 14:00"", ""pbancDscrTrgtYn"": ""N"", ""slprRcptBgngYn"": ""Y"", ""slprRcptDdlnYn"": ""N"", ""onbsPrnmntYn"": ""N"", ""bidQlfcEndYn"": ""N"", ""pbancBfssYn"": ""N"", ""bidClsfNo"": ""0"", ""bidPrgrsOrd"": ""000"", ""bidPbancPgstCd"": ""입160003"", ""sfbrSlctnOrd"": null, ""sfbrSlctnRsltCd"": null, ""docSbmsnDdlnDt"": null, ""cvlnQlemCrtrNo"": ""202412261300"", ""cvlnQlemPgstCd"": ""민020000"", ""objtdmdTermDt"": null, ""prcmBsneSeCdNm"": ""용역"", ""bidPbancPgstCdNm"": null, ""pbancSttsGridCdNm"": ""입찰개시"", ""currentPage"": 3, ""recordCountPerPage"": 10, ""nextRowYn"": ""Y"", ""detail"": {""result"": {""noceList"": []}, ""ErrorMsg"": ""정상적으로 조회되었습니다."", ""ErrorCode"": 0}}",2026-02-06 01:47:25
